{
  "offset_0": 19.820634920634923,
  "offset_1": 32.41290322580645
}