{
  "0": {
    "precision": 0.7037037037037037,
    "recall": 0.8636363636363636,
    "f1-score": 0.7755102040816326,
    "support": 22.0
  },
  "1": {
    "precision": 0.0,
    "recall": 0.0,
    "f1-score": 0.0,
    "support": 2.0
  },
  "2": {
    "precision": 0.7142857142857143,
    "recall": 0.45454545454545453,
    "f1-score": 0.5555555555555556,
    "support": 11.0
  },
  "accuracy": 0.6857142857142857,
  "macro avg": {
    "precision": 0.472663139329806,
    "recall": 0.4393939393939394,
    "f1-score": 0.4436885865457294,
    "support": 35.0
  },
  "weighted avg": {
    "precision": 0.6668178382464097,
    "recall": 0.6857142857142857,
    "f1-score": 0.6620667314544866,
    "support": 35.0
  }
}