{
  "0": {
    "precision": 0.782608695652174,
    "recall": 0.782608695652174,
    "f1-score": 0.782608695652174,
    "support": 23.0
  },
  "1": {
    "precision": 0.0,
    "recall": 0.0,
    "f1-score": 0.0,
    "support": 2.0
  },
  "2": {
    "precision": 0.6875,
    "recall": 0.7857142857142857,
    "f1-score": 0.7333333333333333,
    "support": 14.0
  },
  "accuracy": 0.7435897435897436,
  "macro avg": {
    "precision": 0.4900362318840579,
    "recall": 0.5227743271221532,
    "f1-score": 0.5053140096618357,
    "support": 39.0
  },
  "weighted avg": {
    "precision": 0.7083333333333334,
    "recall": 0.7435897435897436,
    "f1-score": 0.7247863247863248,
    "support": 39.0
  }
}