{
  "MAE": 0.45579752918799865,
  "RMSE": 0.6618686862341958,
  "R2": 0.998740809267953,
  "n_train": 185,
  "n_test": 47,
  "features": [
    "Avg_HR_clean",
    "Avg_RR_clean",
    "Avg_Range",
    "Range_SD",
    "HR_SD",
    "RR_SD",
    "HR_P2P",
    "RR_P2P",
    "SQI",
    "Range_Slope"
  ]
}