{
  "MAE": 6.59684080013121,
  "RMSE": 7.3831577923063,
  "R2": 0.5527342411326406,
  "n_train": 109,
  "n_test": 28,
  "features": [
    "Avg_HR_clean",
    "Avg_RR_clean",
    "Avg_Range",
    "Range_SD",
    "HR_SD",
    "RR_SD",
    "HR_P2P",
    "RR_P2P",
    "Range_Slope",
    "SQI"
  ],
  "feature_importances": {
    "Avg_HR_clean": 0.44213420152664185,
    "Avg_RR_clean": 0.03778174892067909,
    "Avg_Range": 0.050161220133304596,
    "Range_SD": 0.056083254516124725,
    "HR_SD": 0.05593462288379669,
    "RR_SD": 0.055599112063646317,
    "HR_P2P": 0.04399045184254646,
    "RR_P2P": 0.04015623778104782,
    "Range_Slope": 0.053750041872262955,
    "SQI": 0.16440913081169128
  },
  "chosen_model": "XGBoost"
}