{
  "MAE": 0.4948445800370798,
  "RMSE": 0.6875231223712581,
  "R2": 0.9985063122318993,
  "n_train": 184,
  "n_test": 46,
  "features": [
    "Avg_HR_clean",
    "Avg_RR_clean",
    "Avg_Range",
    "Range_SD",
    "HR_SD",
    "RR_SD",
    "HR_P2P",
    "RR_P2P",
    "SQI",
    "Range_Slope"
  ]
}