{
  "MAE": 6.8903189443930035,
  "RMSE": 7.7070647171017255,
  "R2": 0.5893903200070575,
  "n_train": 123,
  "n_test": 31,
  "features": [
    "Avg_HR_clean",
    "Avg_RR_clean",
    "Avg_Range",
    "Range_SD",
    "HR_SD",
    "RR_SD",
    "HR_P2P",
    "RR_P2P",
    "Range_Slope",
    "SQI"
  ],
  "feature_importances": {
    "Avg_HR_clean": 0.5445535182952881,
    "Avg_RR_clean": 0.036913856863975525,
    "Avg_Range": 0.05631352588534355,
    "Range_SD": 0.036885447800159454,
    "HR_SD": 0.056769538670778275,
    "RR_SD": 0.05603481084108353,
    "HR_P2P": 0.02549450658261776,
    "RR_P2P": 0.031695686280727386,
    "Range_Slope": 0.06611014157533646,
    "SQI": 0.0892288088798523
  },
  "chosen_model": "XGBoost"
}