{
  "HR_Class": {
    "Elevated": {
      "precision": 1.0,
      "recall": 1.0,
      "f1-score": 1.0,
      "support": 6.0
    },
    "Low": {
      "precision": 0.0,
      "recall": 0.0,
      "f1-score": 0.0,
      "support": 2.0
    },
    "Normal": {
      "precision": 0.9285714285714286,
      "recall": 1.0,
      "f1-score": 0.9629629629629629,
      "support": 26.0
    },
    "accuracy": 0.9411764705882353,
    "macro avg": {
      "precision": 0.6428571428571429,
      "recall": 0.6666666666666666,
      "f1-score": 0.6543209876543209,
      "support": 34.0
    },
    "weighted avg": {
      "precision": 0.8865546218487395,
      "recall": 0.9411764705882353,
      "f1-score": 0.9128540305010893,
      "support": 34.0
    }
  },
  "RR_Class": {
    "Low": {
      "precision": 1.0,
      "recall": 0.25,
      "f1-score": 0.4,
      "support": 4.0
    },
    "Normal": {
      "precision": 0.9090909090909091,
      "recall": 1.0,
      "f1-score": 0.9523809523809523,
      "support": 30.0
    },
    "accuracy": 0.9117647058823529,
    "macro avg": {
      "precision": 0.9545454545454546,
      "recall": 0.625,
      "f1-score": 0.6761904761904762,
      "support": 34.0
    },
    "weighted avg": {
      "precision": 0.9197860962566845,
      "recall": 0.9117647058823529,
      "f1-score": 0.8873949579831932,
      "support": 34.0
    }
  },
  "Stress_Class": {
    "Very High Stress": {
      "precision": 1.0,
      "recall": 1.0,
      "f1-score": 1.0,
      "support": 34.0
    },
    "accuracy": 1.0,
    "macro avg": {
      "precision": 1.0,
      "recall": 1.0,
      "f1-score": 1.0,
      "support": 34.0
    },
    "weighted avg": {
      "precision": 1.0,
      "recall": 1.0,
      "f1-score": 1.0,
      "support": 34.0
    }
  }
}